Metric,Value
Accuracy,0.8
Precision,0.7777777777777778
Recall,0.875
F1 Score,0.8235294117647058
ROC AUC,0.9642857142857143
PR AUC,0.975
Log Loss,0.4560867025945843
Detection Rate,0.875
False Positive Rate,0.2857142857142857
Specificity,0.7142857142857143
Balanced Accuracy,0.7946428571428572
MCC,0.600099198148979
